{
	"mapwidth":"600",
	"mapheight":"540",
	"categories":[],
	"levels":[
		{
			"id":"australia",
			"title":"Australia",
			"map":"maps/australia.svg",
			"locations":[
				{
					"id": "nsw",
					"title": "New South Wales",
					"description": "<p>New South Wales</p>",
					"pin": "hidden",
					"style": "defaultstyle",
					"x": "0.7958",
					"y": "0.6467"
				},
				{
					"id": "nt",
					"title": "Northern Territory.",
					"description": "<p>Northern Territory</p>",
					"pin": "hidden",
					"style": "defaultstyle",
					"x": "0.4877",
					"y": "0.2952"
				},
				{
					"id": "melbourne",
					"title": "Melbourne",
					"description": "Melbourne.",
					"pin": "circular pin-md pin-label",
					"label": "M",
					"x": "0.7645",
					"y": "0.7738"
				},
				{
					"id": "perth",
					"title": "Perth",
					"description": "Perth description.",
					"pin": "circular pin-md pin-label",
					"label": "P",
					"x": "0.1140",
					"y": "0.6024"
				}
			]
		}
	]
}