{
	"mapwidth": "1000",
	"mapheight": "500",
	"defaultstyle": "light",
	"styles": [
		{
			"class": "light",
			"hover": { "fill": "#f4f4f4" },
			"active": { "fill": "#fff" }
		},
		{
			"class": "dark",
			"hover": { "fill": "#666" },
			"active": { "fill": "#555" }
		}
	],
	"categories": [
		{
			"id": "fashion",
			"title": "Fashion",
			"about": "Cothing & Accessories",
			"color": "#FF9595"
		},
		{
			"id": "health",
			"title": "Health",
			"about": "Health & Cosmetics",
			"color": "#FFB985"
		},
		{
			"id": "food",
			"title": "Food, Drinks",
			"about": "Fast-foods & Restaurants",
			"icon": "images/food.svg",
			"color": "#A5C882"
		},
		{
			"id": "dep",
			"title": "Department Stores",
			"about": "Wide wariety of goods",
			"color": "#8DB3DC",
			"style": "dark"
		},
		{
			"id": "others",
			"title": "Others",
			"color": "#D3B8F8"
		},
		{
			"id": "nopointer-logos",
			"title": "Logos",
			"toggle": "true",
			"legend": "true",
			"hide": "true"
		}
	],
	"levels": [
		{
			"id": "underground",
			"title": "Underground",
			"map": "maps/mall/mall-underground.svg",
			"minimap": "maps/mall/mall-underground-mini.jpg",
			"locations": [
				{
					"id": "gap",
					"title": "GAP",
					"about": "Lorem ipsum",
					"description": "Lorem ipsum",
					"category": "fashion",
					"x": "0.3781",
					"y": "0.4296"
				},
				{
					"id": "petco",
					"title": "Petco",
					"about": "Lorem ipsum",
					"description": "Lorem ipsum",
					"category": "others",
					"style": "dark",
					"x": "0.5311",
					"y": "0.2686"
				}
			]
		},
		{
			"id": "ground-floor",
			"title": "Ground Floor",
			"map": "maps/mall/mall-ground.svg",
			"minimap": "maps/mall/mall-ground-mini.jpg",
			"show": "true",
			"locations": [
				{
					"id": "nordstrom",
					"title": "Nordstrom",
					"about": "Lorem ipsum dolor sit amet.",
					"description": "<p>Recognizing the need is the primary condition for design.</p><strong>10:00 - 22:00</strong> <small>(Monday - Sunday)</small>",
					"category": "dep, fashion",
					"style": "dark",
					"x": "0.7856",
					"y": "0.2022",
					"zoom": "2"
				},
				{
					"id": "macys",
					"title": "Macy's",
					"description": "<p>Recognizing the need is the primary condition for design.</p><strong>10:00 - 22:00</strong> <small>(Monday - Sunday)</small>",
					"category": "dep",
					"x": "0.2021",
					"y": "0.5847",
					"zoom": "2"
				},
				{
					"id": "jcpenney",
					"title": "JCPenney",
					"about": "Lorem ipsum",
					"description": "<p>Recognizing the need is the primary condition for design.</p><strong>10:00 - 22:00</strong> <small>(Monday - Sunday)</small>",
					"category": "dep",
					"link": "https://1.envato.market/R5Nv",
					"x": "0.6651",
					"y": "0.6734",
					"zoom": "2"
				},
				{
					"id": "walgreens",
					"title": "Walgreens",
					"about": "Lorem ipsum",
					"description": "At the corner of Happy & Healthy",
					"image": "https://source.unsplash.com/v113g-WnhTI/400x150",
					"category": "health",
					"x": "0.4611",
					"y": "0.5426"
				},
				{
					"id": "sephora",
					"title": "Sephora",
					"about": "Lorem ipsum",
					"description": "<p>Makeup, fragrance, skincare</p><strong>10:00 - 22:00</strong> <small>(Monday - Sunday)</small>",
					"image": "https://source.unsplash.com/v113g-WnhTI/400x150",
					"category": "health",
					"link": "https://1.envato.market/R5Nv",
					"x": "0.7504",
					"y": "0.5211"
				},
				{
					"id": "geox",
					"title": "Geox",
					"about": "Lorem ipsum",
					"description": "<p>Recognizing the need is the primary condition for design.</p><strong>10:00 - 22:00</strong> <small>(Monday - Sunday)</small>",
					"category": "fashion",
					"link": "https://1.envato.market/R5Nv",
					"x": "0.3947",
					"y": "0.5544"
				},
				{
					"id": "hnm",
					"title": "H&M",
					"about": "Lorem ipsum",
					"description": "<p>Recognizing the need is the primary condition for design.</p><strong>10:00 - 22:00</strong> <small>(Monday - Sunday)</small>",
					"category": "fashion",
					"x": "0.6445",
					"y": "0.4478"
				},
				{
					"id": "adidas",
					"title": "Adidas",
					"about": "Lorem ipsum",
					"description": "<p>Recognizing the need is the primary condition for design.</p><strong>10:00 - 22:00</strong> <small>(Monday - Sunday)</small>",
					"category": "fashion",
					"x": "0.3688",
					"y": "0.3909"
				},
				{
					"id": "massimodutti",
					"title": "Massimo Dutti",
					"about": "Lorem ipsum",
					"description": "<p>Some people think design means how it looks. But of course, if you dig deeper, it's really how it works.</p><strong>10:00 - 22:00</strong> <small>(Monday - Sunday)</small>",
					"category": "fashion",
					"x": "0.6243",
					"y": "0.2655"
				},
				{
					"id": "starbucks",
					"title": "Starbucks",
					"about": "Lorem ipsum",
					"description": "<p>Enjoy today and every day with our creamy non-dairy beverage options.</p><strong>7:30 - 22:00</strong> <small>(Monday - Sunday)</small>",
					"image": "https://source.unsplash.com/n-HtQS7IgU4/400x150",
					"link": "https://www.mapplic.com/",
					"category": "food",
					"x": "0.5431",
					"y": "0.5240"
				},
				{
					"id": "zara",
					"title": "Zara",
					"about": "Lorem ipsum",
					"description": "<p>Recognizing the need is the primary condition for design.</p><strong>10:00 - 22:00</strong> <small>(Monday - Sunday)</small>",
					"category": "fashion",
					"link": "https://1.envato.market/R5Nv",
					"x": "0.4785",
					"y": "0.2873"
				}
			]
		},
		{
			"id": "first-floor",
			"title": "First Floor",
			"map": "maps/mall/mall-first.svg",
			"minimap": "maps/mall/mall-first-mini.jpg",
			"locations": [
				{
					"id": "applebees",
					"title": "Applebee's",
					"about": "Lorem ipsum",
					"description": "<p>Recognizing the need is the primary condition for design.</p><strong>10:00 - 22:00</strong> <small>(Monday - Sunday)</small>",
					"image": "https://source.unsplash.com/fDzQTTDI7bs/400x150",
					"category": "food",
					"style": "dark",
					"x": "0.7536",
					"y": "0.2196"
				},
				{
					"id": "kfc",
					"title": "KFC",
					"about": "Lorem ipsum",
					"description": "Kentucky Fried Chicken",
					"category": "food",
					"x": "0.7488",
					"y": "0.4997"
				},
				{
					"id": "mcdonalds",
					"title": "McDonald's",
					"about": "Lorem ipsum",
					"description": "Additional information",
					"category": "food",
					"link": "https://1.envato.market/R5Nv",
					"x": "0.7374",
					"y": "0.3918"
				},
				{
					"id": "pizzahut",
					"title": "Pizza Hut",
					"about": "Lorem ipsum",
					"description": "Make it great",
					"category": "food",
					"x": "0.7092",
					"y": "0.5232"
				},
				{
					"id": "subway",
					"title": "Subway",
					"about": "Lorem ipsum",
					"description": "Eat fresh.",
					"category": "food",
					"x": "0.6278",
					"y": "0.2731"
				},
				{
					"id": "cvs",
					"title": "CVS Pharmacy",
					"about": "Lorem ipsum",
					"description": "<p>Recognizing the need is the primary condition for design.</p><strong>7:30 - 22:00</strong> <small>(Monday - Sunday)</small>",
					"category": "health",
					"link": "https://1.envato.market/R5Nv",
					"x": "0.5104",
					"y": "0.2471"
				},
				{
					"id": "pullnbear",
					"title": "Pull & Bear",
					"about": "Lorem ipsum",
					"description": "<p>Recognizing the need is the primary condition for design.</p><strong>7:30 - 22:00</strong> <small>(Monday - Sunday)</small>",
					"category": "fashion",
					"x": "0.4846",
					"y": "0.2946"
				},
				{
					"id": "amc",
					"title": "AMC Theatres",
					"about": "Lorem ipsum",
					"description": "Additional information",
					"category": "others",
					"style": "dark",
					"x": "0.6671",
					"y": "0.6851"
				},
				{
					"id": "atnt",
					"title": "AT&T",
					"about": "Lorem ipsum",
					"description": "Additional information",
					"category": "others",
					"x": "0.3750",
					"y": "0.5391"
				}
			]
		}
	]
}